<?xml version="1.0" encoding="UTF-8"?>
<!DOCTYPE mapper
  PUBLIC "-//mybatis.org//DTD Mapper 3.0//EN"
  "http://mybatis.org/dtd/mybatis-3-mapper.dtd">
<mapper namespace="jmp.spring.mapper.AttachMapper">
	<select id="getSeq" resultType="int">
		select seq_attach.nextval from dual
	</select>
	<select id="getFile" resultType="jmp.spring.vo.AttachFileVO">
		select ATTACHNO, UUID, UPLOADPATH, FILENAME,FILETYPE, UPLOADPATH||UUID||'_'||FILENAME SAVEPATH, UPLOADPATH||'s_'||UUID||'_'||FILENAME S_SAVEPATH FROM TBL_ATTACH WHERE ATTACHNO=#{attachNo} and UUID=#{uuid}
	</select>
	<insert id="insertAttach">
		insert into tbl_attach values (#{attachNo}, #{uuid}, #{uploadPath}, #{fileName}, #{fileType}, sysdate)
	</insert>
	<select id="getList" resultType="jmp.spring.vo.AttachFileVO">
		select ATTACHNO, UUID, UPLOADPATH, FILENAME,FILETYPE, UPLOADPATH||UUID||'_'||FILENAME SAVEPATH, UPLOADPATH||'s_'||UUID||'_'||FILENAME S_SAVEPATH from tbl_attach WHERE ATTACHNO = #{attachno}
	</select>
	<delete id="deleteAttach">
		DELETE FROM TBL_ATTACH WHERE ATTACHNO=#{attachNo} and UUID=#{uuid}
	</delete>
	<delete id="deleteAllAttach">
		DELETE FROM TBL_ATTACH WHERE ATTACHNO=#{attachNo}
	</delete>
</mapper>